lemma	upos	xpos	form_sample	freq_in_corpus	GLOSS	CLS	PRCLITIC
,	PUNCT	punct	,	510			
ji	ADP	posp	ji	330			
boe	NOUN	n	boenure	324	boe-nu-re		
onarege	NOUN	n	itonaregedu	194	it=onerege-du		i=
jorudu	VERB	v	iorudumode	174	i=jorudu-modu-re		i=
a	PRON	bi	Akaba	130			
apo	ADP	posp	ebo	128	e=apo		e=
ako	VERB	v	ako	128			
_	ADV	adv	jamedu	106			
i	PRON	bi	ire	104			
e	PRON	bi	enure	90			
icare	ADV	adv	Icare	90			
?	PUNCT	punct	?	86			
tu	VERB	v	Itumode	82			
mako	VERB	v	Imagore	78			
.	PUNCT	punct	.	74			
ro	VERB	v	iromodukare	68			
keje	ADP	posp	keje	68			
imedu	NOUN	n	Imedu	68			
karo	NOUN	n	karo	68			
_	PUNCT	punct	,	66			
kuiada	NOUN	n	kuiada	66			
to	ADP	posp	to	66			
aregodu	VERB	v	Itaregodukare	64	are-godu		
_	ADP	posp	tada	64			
u	PART	prcl	ure	62	u=re		u=
maragodu	VERB	v	maragodui	58			
!	PUNCT	punct	!	56			
oino	ADV	adv	oino	56			
kodu	VERB	v	ikodumode	52			
bi	VERB	v	ewikare	52			
pobo	NOUN	n	pobo	50			
u	PRON	bi	Ure	48			
bataru	NOUN	n	ewadaru	48	e=bataru		e=
bai	NOUN	n	ubai	48			
ke	NOUN	n	ke	46			
maku	VERB	v	maku	46			
o	NOUN	n	eno	46			
to	VERB	v	to	46			
kae	ADP	posp	kaeba	46			
:	PUNCT	punct	:	44			
jorudu	VERB	v	Iorudure	42	i=jorudu-re		i=
imi	PRON	pron	imi	42			
bogai	ADP	posp	bogai	40			
adugo	NOUN	n	adugo	40			
piji	ADP	posp	piji	38			
awu	DET	dem	Awu	36			
ai	ADP	posp	inai	36			
woe	ADV	adv	woe	36			
aredu	NOUN	n	aredu	36			
nowu	DET	dem	Nowu	34			
wogu	VERB	v	iwogure	34			
mare	CCONJ	cconj	Mare	34			
kowuje	VERB	v	kowuje	32			
mugu	VERB	v	imugure	32			
_	PRON	_	tuwo	32			
aidu	VERB	v	Itaidure	32	it=aidu-re		i=
baru	NOUN	n	baru	32			
bokwa	X	x	bokwarewu	30	bokwa-re-wu		
mearudu	VERB	v	Imearudure	30	i=mearudu-re		i=
jorubo	NOUN	n	jorubo	28			
deu	NOUN	n	deu	28			
u	PRON	_	Ure	26			
joruduwa	VERB	v	paioruduwa	26	pa=jorudu-wa		pa=
tada	ADP	posp	tada	26			
tu	ADV	adv	tu	26			
moto	NOUN	n	moto	26			
aroe	NOUN	n	aroe	26			
;	PUNCT	punct	;	24			
tugu	VERB	v	tugu	24	tugu		
muga	NOUN	n	tumuga	24	muga		tu=
du	X	x	du	22			
bito	VERB	v	bito	22			
kigodu	PRON	bi	takigodure	22	ta=kigodu-re		ta=
aiwo	VERB	v	aiwodo	22	aiwo-do		
kodi	SCONJ	sconj	kodi	22			
pa	PRON	bi	pamode	20	pa-modu-re		pa=
koia	ADP	posp	Aigoia	20			
ie	NOUN	n	ie	20			
meri	NOUN	n	meri	20			
ae	ADP	posp	ae	20			
toro	ADV	adv	toro	20			
ia	DET	dem	ia	20			
keje	SCONJ	sconj	dukejere	20	du-keje-re		
_	DET	dem	awu	18			
du	PART	prcl	du	18			
pugeje	ADV	adv	pugeje	18			
_	NOUN	noun	Ioga	18			
dukeje	SCONJ	sconj	dukeje	16			
onaregedu	NOUN	n	tonaregedu	16			
boi	NOUN	n	boi	16			
bagai	ADP	posp	bagai	16			
mana	NOUN	n	imanamage	16			
duji	X	x	duji	16			
kera	NOUN	n	Akera	14			
kuru	NOUN	n	kurudo	14			
kiogo	NOUN	n	kiogo	14			
okwage	VERB	v	okwagedo	14			
oredu	NOUN	n	oredu	14			
imejera	NOUN	n	eimejera	14	e=imejera		e=
tabo	ADP	posp	tabo	14			
i	NOUN	n	i	14			
a	PRON	bi	are	14	a=re		a=
ro	NOUN	n	ero	14			
roga	ADV	adv	roga	14			
ce	PRON	bi	Cenure	12			
pemega	ADV	adv	pemegado	12			
pega	VERB	v	Pegakare	12	pega-ka-re		
boepa	NOUN	n	boepa	12			
pega	ADV	adv	pegare	12			
karega	X	x	karega	12			
jamedu	ADV	adv	jamedu	12			
kuri	NOUN	n	kurire	12			
kodu	NOUN	n	kodu	12			
ino	ADV	adv	ino	12			
joku	NOUN	n	joku	12			
meru	VERB	v	imeruie	12	i=meru-ie		i=
kado	VERB	v	kado	12			
kuri	ADV	adv	kurikare	12	kuri-ka-re		
kudu	NOUN	n	kudu	12			
kaboba	PRON	pron	kaboba	12			
i	PRON	_	imode	12	i=modu-re		i=
kuguri	NOUN	n	kugure	12			
pega	NOUN	n	pegare	12			
meru	NOUN	n	imeru	12			
dukeje	ADV	adv	Dukeje	12	du-keje		
...	PUNCT	punct	...	12			
kimo	ADV	adv	kimo	10			
rema	AUX	cop	rema	10			
tugo	NOUN	n	tugo	10			
tori	NOUN	n	tori	10			
ju	NOUN	n	ju	10			
rakoje	VERB	v	rakojere	10			
ema	PRON	pron	emage	10			
pagi	PRON	pron	pagi	10			
João	PROPN	propn	João	10			
pemega	NOUN	n	Pemegarewu	10			
i	ADP	posp	ji	10			
ki	NOUN	n	ki	10			
ciri	VERB	v	ciri	10			
kuda	ADP	posp	Pagudawu	10	pa=kuda-wu		pa=
_	VERB	vc	etamudo	10			
paru	NOUN	n	paru	10			
kodomai	ADV	adv	kodomai	10			
ogwa	NOUN	n	Iogwa	10	i=ogwa		i=
rutu	VERB	v	Irudumode	10	i=rutu-modu-re		i=
mea	NOUN	n	mea	8			
Fabrício	PROPN	propn	Fabrício	8			
jure	NOUN	n	Juremode	8			
akore	VERB	v	akore	8			
oreduje	NOUN	n	oreduje	8			
karega	ADV	adv	karega	8			
boku	NOUN	n	Boku	8			
ca	INTJ	intj	Ca	8			
pugeje	ADV	adv	pugeje	8			
barogwato	ADV	adv	barogwato	8			
marido	NOUN	n	marido	8			
barogo	NOUN	n	barogo	8			
ji	NOUN	n	ji	8			
inoba	PRON	whp	Inoba	8			
baiga	NOUN	n	baiga	8			
mearudae	VERB	v	mearudaerewu	8	mearudae-re-wu		
towuje	VERB	v	towuje	8			
ko	VERB	v	akore	8	ako-re		
u	PART	prcl	ure	8	u=re		u=
bope	NOUN	n	bope	8			
kori	ADP	posp	kori	8			
pemega	VERB	v	pemegado	8	pemega-do		
imi	PRON	pro	imi	8			
paga	VERB	v	pagare	8			
negedurogu	NOUN	n	negedurogu	8	negedu-rogu		
arigao	NOUN	n	arigao	8			
joruduiwa	VERB	v	ioruduiwamode	8	i=jorudui-wa-modu-re		i=
kuri	VERB	v	kurire	8	kuri-re		
tu	PRON	bi	ture	8			
cewu	DET	dem	ce	8			
arego	VERB	v	arego	8			
Maria	PROPN	propn	Maria	8			
butu	VERB	v	butu	8			
barigu	VERB	v	barigu	8			
ragodu	VERB	v	tumaragoduwo	8	tu=maragodu-wo		tu=
kuri	ADJ	adj	kurirewu	8			
bito	VERB	vt	bito	8			
maku	VERB	vt	maku	8			
maragodu	VERB	vi	Imaragodumode	8	i=maragodu-modu-re		i=
ma	SCONJ	sconj	ma	8			
kajao	ADV	adv	Kajao	8			
biri	NOUN	n	biri	8			
wie	NOUN	n	Awie	8			
kigadu	NOUN	n	kigadu	8			
konorigi	NOUN	n	Konorigi	8			
kocare	ADV	adv	Kocare	8			
Jakomea	PROPN	propn	Jakomea	8			
bataru	NOUN	noun	ewadaru	6			
jitu	X	x	jitu	6			
_	SCONJ	sconj	ma	6			
Mariel	PROPN	propn	Mariel	6			
bie	NOUN	n	Iwie	6			
inoba	ADV	adv	Noba	6			
kuricigo	ADV	adv	kuricigore	6	kuricigo-re		
kimao	NOUN	n	kimao	6			
akedu	VERB	v	akedure	6	akedu-re		
je	ADV	adv	je	6			
Fabrício	PROPN	_	Fabrício	6			
mare	CCONJ	_	mare	6			
meriri	NOUN	n	Meriri	6			
buke	NOUN	n	buke	6			
ika	NOUN	n	ika	6			
okwa	VERB	v	togwagedo	6	t-okwage-du		tu=
marigudu	ADV	adv	Marigudu	6			
itura	NOUN	n	itura	6			
kare	NOUN	n	kare	6			
deu	PROPN	propn	deu	6			
joru	NOUN	n	joru	6			
jorudure	VERB	v	iorudure	6	i=jorudu-re		i=
iparedu	NOUN	n	ipare	6			
apu	NOUN	n	apu	6			
aki	PRON	pron	aki	6			
aroia	NOUN	n	aroia	6			
kabi	VERB	v	kabi	6			
wogu	VERB	v	ewogure	6	e=wogu-re		e=
pobu	NOUN	n	pobu	6			
aiwo	NOUN	n	aiwo	6			
boecoji	ADV	adv	boecoji	6			
iodo	NOUN	n	iiodore	6			
mori	VERB	v	morikare	6	mori-ka-re		
jao	ADV	adv	jao	6			
u	VERB	v	Uture	6			
kodi	ADV	adv	kodi	6			
rudiwa	VERB	v	iorudiwawo	6	i=jorudi-wa-wo		
tugo	VERB	v	tugo	6			
bu	VERB	v	bu	6			
kajeje	ADP	posp	kajeje	6			
jiboe	X	x	jiboe	6			
Meruri	PROPN	propn	Meruri	6			
biapaga	VERB	v	Biapagare	6	biapaga-re		
kaiba	ADV	adv	kaiba	6			
biagodu	VERB	v	Iwiagodure	6	i=bia-godu-re		i=
butu	VERB	v	butumode	6			
Pedro	PROPN	propn	Pedrore	6			
keje	ADV	adv	kejeba	6			
nonore	ADV	adv	nonore	6			
bia	VERB	v	awiado	6			
br	X	ideo	br	6			
ako	NOUN	n	Inago	6			
oragudu	VERB	v	oragudure	6			
boeiga	NOUN	n	iwoeiga	6			
uwu	ADV	adv	Uwu	6			
ao	NOUN	n	itao	6	it=ao		i=
pa	PRON	_	Pamode	6			
nudu	VERB	v	inudukare	6	i=nudu-ka-re		i=
bataru	VERB	v	iwadarugo	6	i=bataru-go		i=
ta	PRON	_	Tagaba	6			
bari	NOUN	n	bari	6			
bere	VERB	v	beregodunure	6	bere-godu-nu-re		
mori	NOUN	n	mori	6			
tagi	PRON	pron	Tagi	6			
tugu	NOUN	n	Itugu	6			
ce	ADP	posp	ce	6			
kajao	INTJ	intj	kajao	6			
rodo	VERB	v	irodo	6			
dukodi	ADV	adv	Dukodi	6			
bo	NOUN	n	bo	6			
rade	ADV	adv	rade	6			
jii	ADV	adv	jii	6			
kodire	ADV	adv	Kodire	6			
mai	ADV	adv	mai	6			
ce	NOUN	n	imuga	6			
rugadu	ADV	adv	rugadu	6			
kogedu	VERB	v	ikogedu	6			
iere	NOUN	n	Ikiere	6			
akedu	VERB	vc	etagedudo	6			
ecewu	DET	dem	ecewu	6			
rago	VERB	v	eragodumode	6	e=ragodu-modu-re		e=
ma	PART	prcl	ma	4			
dukoua	SCONJ	sconj	dukoia	4	du-koia		
barare	VERB	v	bararedo	4	barare-do		
pai	NOUN	n	pai	4			
boeco	ADV	adv	boeco	4			
co	NOUN	n	codo	4			
nogwaredu	NOUN	n	nogware	4			
uiaru	NOUN	n	uiaru	4			
baa	NOUN	n	baa	4			
ogwa	VERB	v	ogwarire	4			
bo	VERB	v	iwo	4			
jamedu	PRON	pron	jamedu	4			
kuro	NOUN	n	kuro	4			
iaboe	PRON	pron	iaboe	4			
je	VERB	v	tuje	4			
cowu	DET	dem	cowu	4			
raka	ADV	adv	rakaguragare	4	rakaguraga-re		
aidu	NOUN	n	aidu	4			
tada	NOUN	n	tadawu	4			
mare	CCONJ	conj	mare	4			
Satanae	PROPN	propn	Satanae	4			
ema	PRON	_	ema	4			
towuje	NOUN	n	towuje	4			
boetugu	NOUN	n	boetugu	4			
modu	X	x	emode	4			
amudo	VERB	v	tamudo	4			
ia	NOUN	n	inokwa	4			
re	PRON	bi	ure	4			
areme	NOUN	n	areme	4			
pu	PRON	pron	pu	4			
jemaru	VERB	v	iiemarure	4			
modure	X	x	emode	4			
modu	VERB	v	tumotuie	4	tu=motu-ie		tu=
botu	VERB	v	botuwo	4	botu-wo		
bapera	NOUN	n	bapera	4			
kowuje	NOUN	n	kowujedu	4			
baraedu	NOUN	n	baraedu	4			
a	NOUN	n	a	4			
kabo	PRON	pron	kaboba	4			
kabo	PRON	_	kaboba	4			
iogudu	PRON	pron	ioguduba	4			
iogudu	PRON	_	ioguduba	4			
kowu	NOUN	n	kowudure	4	kowu-du-re		
ia	NUM	_	ia	4			
rakudu	CCONJ	ccd	rakudu	4			
reko	VERB	v	parego	4			
pagudugo	VERB	v	papagudugo	4			
boe	VERB	v	boedo	4			
boeto	VERB	v	boeto	4			
remo	VERB	v	turemo	4	tu=remo		tu=
kai	PRON	pron	Kaiba	4			
kodu	VERB	vi	Ikodumode	4	i=kodu-modu-re		i=
bo	ADP	posp	ebo	4			
kogodu	VERB	v	Akogodure	4			
aimo	VERB	v	cetaimo	4	ced=aimo		ce=
u	INTJ	intj	U	4			
pagudu	VERB	v	epagududo	4	e=pagudu-do		e=
a	X	bi	amode	4			
bie	VERB	v	iwie	4			
aregod	VERB	v	aregodure	4			
juko	NOUN	n	juko	4			
pariko	NOUN	n	Ikimopariko	4			
kaboba	PRON	_	Kaboba	4			
aregodu	VERB	vi	Aregodure	4			
ipare	NOUN	n	ipare	4			
reru	VERB	v	ereruidu	4			
dutabo	SCONJ	sconj	dutabo	4			
kuno	VERB	vt	akuno	4			
tore	NOUN	n	tore	4			
kae	PART	prcl	kaegae	4			
jorduwa	VERB	v	iorduwaia	4			
du	SCONJ	x	dukeje	4			
boeru	NOUN	n	Boerumode	4			
mato	ADV	adv	mato	4			
boi	VERB	v	boire	4			
wo	SCONJ	sc	iwo	4			
uw	PART	prcl	Uw	4			
bukeje	ADP	posp	awugeje	4			
taci	ADV	adv	taci	4			
ipo	NOUN	n	iporodu	4			
jamedu	PRON	_	Tuiamedu	4			
aidure	VERB	v	Aidurewuge	4			
iwa	NOUN	n	iware	4			
oneregedu	NOUN	n	itonaregedu	4			
aku	NOUN	n	Inaguge	4			
motu	NOUN	n	emoture	4			
bakuru	NOUN	n	Bakuru	4			
amodugodu	VERB	v	Itamodugodunure	4			
aigo	NOUN	n	aigo	4			
a	PRON	_	Amode	4			
boro	ADV	adv	Boro	4			
_	X	_	mage	4			
boeco	NOUN	n	Boeco	4			
dubogai	SCONJ	sconj	dubogai	4			
biagado	VERB	v	biagado	4			
ba	VERB	v	bado	4			
bado	VERB	v	Badodumodukare	4			
bace	NOUN	n	bace	4			
uw	ADV	adv	Uw	4			
tugugu	VERB	v	Itugugunure	4			
kodo	NOUN	n	kodo	4			
ta	NOUN	n	tamerudae	4			
parori	NOUN	n	parori	4			
tugimo	NOUN	n	Itugimomode	4			
rema	CCONJ	cconj	rema	4			
tudu	VERB	v	tudure	4			
noa	NOUN	n	noa	4			
togi	ADP	posp	pudogi	4			
beto	NOUN	n	beto	4			
mugudo	VERB	v	mugudo	4			
to	NOUN	n	todarewu	4			
tawuje	VERB	v	etawuje	4			
ta	VERB	v	ta	4			
rurugo	VERB	v	rurugo	4			
okwa	NOUN	n	okwa	4			
ruru	VERB	v	erurure	4			
roredu	VERB	v	roredudo	4			
bokwa	ADV	adv	bokwagodure	4			
rogodu	VERB	v	erogodunure	4			
eno	NOUN	n	ikeno	4			
riri	VERB	v	iririgo	4			
riki	NOUN	n	riki	4			
remagu	VERB	v	remagu	4			
boekimo	ADV	adv	Boekimo	4			
barogwa	NOUN	n	barogwa	4			
kododu	VERB	v	kododure	4			
rekodu	NOUN	n	rekodu	4			
boecodu	NOUN	n	Boecodure	4			
kodo	VERB	v	kodo	4			
hm	X	ideo	hm	4			
rekodu	VERB	v	rekoduwo	4			
ure	PRON	_	ure	4			
marenaru	NOUN	n	marenarurogunure	4			
akedu	NOUN	n	tagedu	4			
Meriri	PROPN	propn	Meriri	4			
Poro	PROPN	propn	Poro	4			
ogwa	NOUN	noun	iogwa	4			
Torowari	PROPN	propn	Torowari	4			
ri	NOUN	n	ri	4			
oga	NOUN	noun	ioga	4			
_	CCONJ	cconj	mare	4			
brae	NOUN	n	brae	4			
remawu	NOUN	n	remawu	4			
ragoja	NOUN	n	turagoja	4			
maereboe	NOUN	n	Maereboe	4			
ao	X	_	ao	4			
_	VERB	_	eiwogunure	4			
lurirewu	NOUN	n	Kurirewu	4			
kudawu	NOUN	n	ikudawu	4			
jekiripaga	VERB	vc	iekiripagado	2			
!	PUNCT	puct	!	2			
enogwato	VERB	v	cenogwato	2			
metuia	NOUN	noun	imedage	2			
oh	INTJ	intj	Oh	2			
ceboere	INTJ	intj	ceboere	2			
pagi	PRON	_	pagi	2			
joko	NOUN	noun	paeku	2			
etonaregedu	NOUN	n	etore	2			
joruduwa	VERB	vc	eruduwado	2			
imedu	NOUN	noun	imedu	2			
jawuji	ADV	adv	jawuji	2			
arudu	VERB	v	arudumode	2			
Tiago	PROPN	PronTupe	Tiago	2			
kurugodu	VERB	v	akurugodukaba	2			
Claudia	PROPN	propn	Claudia	2			
muru	VERB	v	imugure	2			
ake	NOUN	n	ake	2			
pandemia	NOUN	n	pandemia	2			
jiwu	ADP	posp	jiwu	2			
meri	ADV	adv	meri	2			
pai	ADP	posp	pai	2			
jawo	ADV	adv	jawo	2			
imi	PRON	bi	imi	2			
kode	ADV	adv	Kode	2			
akimo	ADV	adv	akimo	2			
makaguragare	ADV	adv	makaguragare	2			
joruduwa	NOUN	n	Ioruduwa	2			
eragu	VERB	v	Akeragu	2			
cai	ADV	adv	cai	2			
Mariel	PROPN	_	Mariel	2			
dieru	NOUN	n	Dieru	2			
padre	NOUN	n	Padre	2			
João	PROPN	_	João	2			
jawu	ADV	adv	jawu	2			
meriji	ADV	adv	meriji	2			
du	X	_	du	2			
ma	X	_	ma	2			
joruduwado	VERB	v	taruduwado	2			
okiegidae	NOUN	n	enogiegidae	2			
ro	NOUN	v	ero	2			
barogu	NOUN	n	barogu	2			
kiogu	NOUN	n	kiogu	2			
ako	ADJ	adj	akorewu	2			
buwodo	NOUN	n	buwodo	2			
turaiga	NOUN	n	turaiga	2			
tubore	NOUN	n	tubore	2			
taboba	ADV	adv	taboba	2			
keje	NOUN	n	ukeje	2			
kaguru	NOUN	n	kaguru	2			
Kodire	ADV	adv	Kodire	2			
roiwa	VERB	v	Roiwarewu	2			
oruduwa	VERB	v	joruduwarewu	2			
mare	VERB	v	emare	2			
roino	ADV	adv	roino	2			
jorudae	VERB	v	jorudae	2			
aredu	VERB	v	aredure	2			
ari	NOUN	n	ari	2			
kuieje	NOUN	n	kuiejedoge	2			
ogwage	NOUN	n	enogwagewu	2			
kuwaru	NOUN	n	kuwaru	2			
tapira	NOUN	n	tapira	2			
popogo	NOUN	n	popogo	2			
ure	PART	prcl	ure	2			
akedudo	VERB	v	akedudo	2			
tuje	VERB	v	tuje	2			
pemega	ADJ	_	pemegaguragare	2			
moture	ADJ	_	moturewu	2			
mugo	VERB	v	muguwo	2			
ia	DET	art	ia	2			
Adão	PROPN	propn	Adão	2			
Eva	PROPN	propn	Eva	2			
imeduje	NOUN	n	imeduje	2			
areduje	NOUN	n	areduje	2			
jamedu	NOUN	n	jamedu	2			
iguru	NOUN	n	iguru	2			
oiado	NOUN	n	eiadadawu	2			
ia	DET	ia	ia	2			
koia	VERB	v	koiare	2			
rojai	VERB	v	erojai	2			
kojai	VERB	v	ekojai	2			
koiare	ADV	adv	koiare	2			
pudumi	VERB	v	pudumiwo	2			
agodure	VERB	v	tugodure	2			
kocare	X	x	kocare	2			
rugadu	X	x	rugadu	2			
barigu	X	x	barigu	2			
Ahh	INTJ	intj	Ahh	2			
jamedu	X	x	jamedu	2			
jorudu	VERB	Mood=Ind	iorudure	2			
mage	PRON	pron	emage	2			
aragudu	VERB	v	itaragudu	2			
aredu	NOUN	nu	areme	2			
kowuje	VERB	vt	kowuje	2			
padu	VERB	v	padure	2			
bi	VERB	vc	ebito	2			
wu	X	x	wuge	2			
ce	X	x	ceno	2			
dinheiro	NOUN	n	dinheiro	2			
kigurudu	VERB	v	ikiguruduwo	2			
bagaidu	ADP	posp	bagaidu	2			
Dario	PROPN	propn	Dario	2			
i	X	x	ikare	2			
ko(wuje)	VERB	v	ko	2			
pogu	NOUN	n	pobu	2			
kurire	VERB	v	kurire	2			
rawuje	VERB	v	rawuje	2			
rawuje	NOUN	v	rawujedu	2			
bokwa	VERB	v	bokwado	2			
motu	ADV	adv	moture	2			
a	X	x	amode	2			
Enawureudo	PROPN	propn	Enawureudo	2			
Enawurewu	PROPN	propn	Enawurewu	2			
u	NOUN	n	ure	2			
ka	ADV	pron	kaba	2			
koi	ADP	posp	koiaba	2			
pron	PRON	bi	ure	2			
ka	ADV	adv	kaba	2			
jawu	X	x	jawu	2			
meriju	ADV	adv	merijire	2			
ai	ADP	n	kae	2			
ai	NOUN	n	kaie	2			
kowuje	VERB	posp	kowujewu	2			
wogu	VERB	posp	ewogu	2			
kuiejedoge	NOUN	n	kuiejedoge	2			
ji	ADP	n	i	2			
kae	ADV	adv	kaiba	2			
emage	PRON	pron	emage	2			
orari	NOUN	n	orari	2			
roko	NOUN	n	roko	2			
raru	NOUN	n	raru	2			
kaworu	NOUN	n	ekaworure	2			
mare	CCONJ	ccad	mare	2			
morire	VERB	v	morire	2			
Tiago	PROPN	propn	Tiago	2			
awagu	NOUN	n	awagoe	2			
pemega	ADV	Mood=Ind	pemegare	2			
eko	NOUN	n	Eko	2			
are	VERB	v	taredo	2			
kinoru	VERB	n	ikinorudo	2			
ime	PRON	pron	imi	2			
Kodi	PRON	pron	Kodiba	2			
mugu	VERB	verb	amuguwo	2			
wiri	NOUN	n	Iwiri	2			
uru	VERB	v	urure	2			
i	PRON	pron	Ire	2			
imana	NOUN	n	imana	2			
core	VERB	v	core	2			
pare	PRON	pron	Pare	2			
ii	NOUN	n	ii	2			
jorubutu	NOUN	n	Jorubutu	2			
bato	SCONJ	n	bato	2			
kurugoa	NOUN	n	kurugoa	2			
bora	NOUN	n	bora	2			
kuroji	NOUN	n	kuroji	2			
jipa	NOUN	n	jipa	2			
jice	ADV	adv	jice	2			
kapau	NOUN	n	kapau	2			
awuji	ADV	adv	Awuji	2			
pa	X	x	pamode	2			
atugo	VERB	v	atugodo	2			
wadaru	NOUN	n	ewadaru	2			
u	X	bi	Ure	2			
ta	X	bi	Tare	2			
jordu	VERB	v	Iorudure	2			
kejere	ADV	adv	kejere	2			
kawaru	NOUN	n	kawaru	2			
bito	NOUN	n	bitowu	2			
ime	NOUN	n	ime	2			
maka	VERB	v	emagare	2			
reo	X	x	reo	2			
pemega	VERB	verb	pemegare	2			
duboe	X	x	duboe	2			
tuie	NOUN	n	ituiemage	2			
amirewu	NOUN	n	Akeamirewu	2			
powari	NOUN	n	Ukuiepowari	2			
biaja	NOUN	n	Biajarewu	2			
boetoji	NOUN	n	Boetojiwu	2			
boe	ADV	adv	boe	2			
nono	ADV	adv	nono	2			
etore	NOUN	n	etore	2			
bororo	NOUN	n	bororo	2			
mearudu	NOUN	n	imearudae	2			
duto	X	x	duto	2			
boekuru	NOUN	n	boekuru	2			
ipere	NOUN	n	Ipere	2			
dukejere	SCONJ	sconj	dukejere	2			
jukore	NOUN	n	Jukore	2			
koge	NOUN	n	okoge	2			
dukaere	SCONJ	sconj	dukaere	2			
jawujiwu	ADV	adv	jawujiwu	2			
maiwu	NOUN	n	maiwudo	2			
rerugodu	VERB	Mood=Ind|Number=Sing|Person=3	rerugodure	2			
dukeje	X	x	dukeje	2			
tuji	X	x	tuji	2			
kaeba	ADV	adv	kaeba	2			
bogai	ADV	adv	bogaiba	2			
na	PART	prcl	na	2			
kana	PART	prcl	kana	2			
maragodudo	VERB	v	Maragodudodure	2			
morido	VERB	v	tumorido	2			
taimo	VERB	vt	etaimo	2			
kirimi	VERB	v	tugirimi	2			
cere	PRON	bi	Cere	2			
tu	VERB	vi	uture	2			
maku	X	x	maku	2			
i	X	bi	Ire	2			
karega	PART	prcl	karega	2			
kaba	ADV	adv	Kaba	2			
atumode	VERB	vi	atumode	2			
mato	NOUN	n	mato	2			
kai	ADP	posp	gai	2			
bola	NOUN	n	Bola	2			
ie	NOUN	v	iere	2			
Kogae	PROPN	propn	Kogae	2			
Cerewu	PROPN	propn	Cerewu	2			
Ceraedu	NOUN	n	Ceraedu	2			
Badojeba	PROPN	propn	Badojeba	2			
Cobugiwu	PROPN	propn	Cobugiwu	2			
towuje	VERB	vt	towuje	2			
muga	VERB	v	muguwo	2			
pudumi	PRON	_	pudumi	2			
kudu	VERB	vi	ikuduwo	2			
butu	VERB	vi	butudo	2			
taimo	NOUN	n	itaimo	2			
aredo	NOUN	n	itaredo	2			
jekare	NOUN	n	iegare	2			
aredo	VERB	v	taredo	2			
kana	NOUN	n	tugana	2			
jado	VERB	v	jado	2			
aiado	VERB	v	taiado	2			
ragoje	VERB	v	turagojedo	2			
to	ADV	adv	tore	2			
kurucigo	NOUN	n	kuricigore	2			
akogodu	VERB	v	akogodure	2			
pui	PRON	_	pui	2			
Birimodo	PROPN	propn	Birimodo	2			
i	ADV	adv	I	2			
uu	PART	prcl	uu	2			
wa	INTJ	intj	Wa	2			
ie	VERB	v	iere	2			
iaguduba	PRON	_	Iaguduba	2			
mean	NOUN	n	Mea	2			
okori	NOUN	n	okori	2			
u	PRON	bu	umode	2			
aciado	VERB	vc	etajiado	2			
ajagodu	VERB	v	itajiagodunure	2			
nogedu	NOUN	n	Noge	2			
adugodo	VERB	vc	etadugodo	2			
aeiado	VERB	v	Tagaeiadodu	2			
ra	VERB	v	paramode	2			
aiwodo	NOUN	n	itaiwododu	2			
jorududo	VERB	v	iorududoware	2			
aiwoia	VERB	v	akaiwoiado	2			
aiwoi	VERB	v	Cedaiwoiadodu	2			
kaiamo	NOUN	n	kaiamodoge	2			
aije	NOUN	n	aijedoge	2			
akirodo	VERB	v	akirododumode	2			
akogo	VERB	v	akogodomode	2			
akoiato	VERB	v	akoiato	2			
mitu	VERB	v	miture	2			
aregodure	VERB	v	Aregodumode	2			
agorido	VERB	v	akagoridodomode	2			
akori	VERB	v	Inagoridodu	2			
bororo	NOUN	noun	ewororo	2			
akudo	VERB	v	akudo	2			
kuidoe	NOUN	n	kuidoe	2			
aku	VERB	v	akudodu	2			
ogwage	VERB	v	akogwagemode	2			
akurirido	VERB	v	agurirido	2			
nabure	NOUN	n	nabure	2			
akuru	VERB	v	etagurure	2			
maridi	NOUN	n	maridi	2			
u	X	x	unure	2			
amagadu	VERB	v	amagadudo	2			
apogorajiwu	NOUN	n	Apogorajiwu	2			
amodu	NOUN	n	amodurewu	2			
amu	VERB	vc	amudo	2			
toriga	NOUN	n	Itoriga	2			
itamu	NOUN	n	itamudoda	2			
ana	VERB	v	anare	2			
anago	VERB	v	itanago	2			
anagodu	VERB	v	akanagodure	2			
anagodudo	VERB	v	akanagodudo	2			
anarido	VERB	v	itanarido	2			
maekodu	VERB	v	maekodure	2			
maragodae	NOUN	n	imaragodae	2			
iado	VERB	v	iado	2			
awara	NOUN	n	Awara	2			
aokajeje	ADP	posp	aokajeje	2			
kado	NOUN	n	kado	2			
aparado	VERB	v	aparado	2			
raki	NOUN	n	iragi	2			
arudo	ADV	adv	carudo	2			
apido	NOUN	n	apido	2			
awado	VERB	v	awado	2			
kidu	VERB	v	kiduwu	2			
baado	VERB	v	baado	2			
jaegiri	ADV	adv	jaegiri	2			
baibairewu	VERB	v	baibairewudo	2			
raka	NOUN	n	rakarewu	2			
baigo	VERB	vc	ewaigo	2			
bakuriri	VERB	v	bakurirido	2			
boecoto	ADV	adv	boecodo	2			
pogora	NOUN	n	Ipogora	2			
baredu	NOUN	n	baredurewu	2			
aogado	VERB	vc	aogado	2			
eimejera	NOUN	n	eimejerage	2			
bataru	VERB	vc	ewadarugo	2			
ro	PRON	bi	Taro	2			
pega	VERB	vc	pegado	2			
kugudu	VERB	v	kugudugodu	2			
bearigodu	VERB	v	itowearigodunure	2			
beo	NOUN	n	Beo	2			
bearido	VERB	vc	etowearido	2			
boeeru	NOUN	n	Boerunure	2			
beredu	NOUN	n	beredu	2			
kodi	ADP	posp	kodi	2			
betu	NOUN	n	beture	2			
betu	VERB	v	betudo	2			
jewodu	VERB	v	jewodure	2			
kodiba	ADV	adv	Kodiba	2			
biagado	VERB	n	biagado	2			
Kirabodu	INTJ	intj	Kirabodu	2			
biagadodu	VERB	v	Awiagodukaba	2			
kerako	NOUN	n	ikerako	2			
biagogo	VERB	v	biagogodo	2			
boeku	NOUN	n	boeku	2			
meki	NOUN	n	meki	2			
re	VERB	v	redo	2			
baru	NOUN	v	Baru	2			
rai	ADV	adv	rai	2			
kadomai	ADV	adv	kadomai	2			
pobe	NUM	num	pobe	2			
akodo	NOUN	n	akodo	2			
ekiripagado	VERB	v	ekiripagado	2			
akemore	NOUN	n	akemore	2			
epa	VERB	v	epadodu	2			
ieripodo	VERB	v	ieripodo	2			
pogurudo	VERB	v	ipogurudo	2			
pa	NOUN	n	pa	2			
boe	NOUN	v	boe	2			
pa	VERB	n	pado	2			
kurije	ADV	adv	kurije	2			
_rema	CCONJ	cconj	rema	2			
boi	ADV	adv	boi	2			
jugo	NOUN	n	Jugo	2			
boimode	NOUN	n	boimode	2			
Boigodu	VERB	v	Boigodunure	2			
bokuge	VERB	v	bokugedo	2			
tupega	NOUN	vc	etupegago	2			
bubutu	NOUN	n	Bubutu	2			
orodo	VERB	v	Akorodoi	2			
ewogure	NOUN	n	ewogu	2			
rai	NOUN	n	rai	2			
cigo	NOUN	n	cigore	2			
bokwa	X	_	bokware	2			
duji	X	_	duji	2			
tugu	NOUN	n	tugu	2			
kuda	ADP	posp	kuda	2			
buodo	NOUN	n	buodo	2			
tugu	NOUN	_	Itugu	2			
kera	NOUN	_	ikera	2			
ra	VERB	_	ra	2			
pegareboe	NOUN	_	pegareboe	2			
tugu	VERB	v	itugudo	2			
rugodu	VERB	_	erugodumode	2			
pui	PRON	pron	pui	2			
duji	PRON	pron	duji	2			
muga	NOUN	n	Imuga	2			
tududo	VERB	v	tududo	2			
bataru	NOUN	_	tawadaru	2			
tududo	VERB	_	tududo	2			
torupo	NOUN	n	torupore	2			
geje	NOUN	n	gejewu	2			
torugiri	VERB	vc	torugirido	2			
ia	DET	_	ia	2			
torupogodu	VERB	v	etorupogodure	2	et=orupogodu-re		e=
torigodu	VERB	v	torigodunure	2	tori-godu-nu-re		
roiwa	VERB	_	iroiwamodukare	2			
togido	VERB	v	togido	2			
meru	NOUN	v	imeruwo	2			
imo	NOUN	n	ikimo	2	ik=imo		i=
boeto	NOUN	n	Boeto	2			
mano	NOUN	n	Mano	2			
todu	NOUN	n	todu	2			
boadu	VERB	v	iwoadumode	2	i=boadu-modu-re		i=
tawuje	VERB	vc	etawujedo	2			
baiia	NOUN	n	baiia	2			
tawujedo	VERB	v	tawujedomode	2			
kedae	NOUN	_	ekedae	2			
e	PRON	n	emode	2			
Tamige	PROPN	propn	Tamige	2			
apu	NOUN	n	Apu	2			
taru	NOUN	n	tudaru	2			
iari	NOUN	n	tuiari	2			
nonogo	NOUN	n	nonogo	2			
kaibá	PRON	pron	Kaibá	2			
tadari	NOUN	n	tadari	2			
je	ADP	posp	je	2			
kudobu	NOUN	n	Kudobu	2			
rududo	VERB	v	turududo	2			
oto	NOUN	n	oto	2			
barega	NOUN	n	barege	2			
rurudo	VERB	v	irurudo	2	i=ruru-do		i=
nogogo	NOUN	n	nogogo	2			
rukodo	VERB	v	irukodo	2			
tudureboe	NOUN	n	Tudureboe	2			
ukogo	VERB	v	turukogo	2			
ruko	VERB	v	erugo	2			
rugudu	VERB	v	urugududumode	2			
ugudo	VERB	v	urugudu	2			
jerigi	NOUN	n	Jerigi	2			
rugodu	VERB	v	urugodunure	2			
rugo	VERB	v	irugo	2			
rudo	VERB	v	urudo	2			
rotorerogodu	VERB	v	erotorerogodure	2			
kurucerewu	NOUN	n	kurucerewu	2			
rotorerogo	VERB	v	tarotorerogo	2			
kigudu	NOUN	n	kigudu	2			
roto	VERB	v	roto	2			
jaro	NOUN	n	jaro	2			
rorigi	VERB	v	rorigido	2			
roredugodu	VERB	v	eroredugodunure	2			
gejewu	NOUN	n	gejewu	2			
iku	NOUN	n	iku	2			
jakare	VERB	v	jakarere	2			
rijodu	VERB	v	Arijodure	2			
kugure	NOUN	n	kugure	2			
rokowodu	VERB	v	erokowodugodu	2			
muga	NOUN	noun	Imuga	2			
roiwado	VERB	v	iroiwado	2			
roiwa	NOUN	n	Iroiwa	2			
mugu	NOUN	n	mugure	2			
kanao	NOUN	n	ikanaora	2			
kejeboe	ADP	posp	kejeboe	2			
rogodu	VERB	_	erogodudo	2			
kago	NOUN	_	kago	2			
paga	ADV	adv	paga	2			
tujé	ADV	adv	tujé	2			
maragodu	NOUN	n	Imaragodu	2			
roedo	VERB	v	inoroedowo	2			
barigu	NOUN	n	barigu	2			
jagi	ADP	posp	tuiagi	2			
riwududo	VERB	v	riwududo	2			
ritu	VERB	v	riture	2			
bogar	ADP	posp	bogai	2			
ritudo	VERB	v	iritudo	2			
rirugodu	VERB	v	rirugodunure	2			
iagudubá	PRON	pron	Iagudubá	2			
kiege	NOUN	n	kiege	2			
bu	NOUN	n	bu	2			
ririgodu	VERB	v	ririgodudo	2			
mororo	NOUN	n	Imorora	2			
irigodu	VERB	v	uririgodunure	2	uriri-godu-nu-re		
boero	NOUN	n	boero	2			
,	PUNCT	_	,	2			
iagu	PRON	pron	tuiagu	2			
mearutoru	VERB	v	Tumearutoruie	2			
boigodu	VERB	v	boigodumode	2			
duji	PART	prcl	duji	2			
pui	ADP	posp	pui	2			
birigodu	ADV	adv	birigoduwo	2			
kuricigodu	VERB	v	kuricigodu	2			
jetu	VERB	v	tuiedu	2			
jejodo	VERB	v	tuiejodo	2			
joku	NOUN	bi	pujoku	2			
dukode	ADV	adv	Dukodi	2			
kogorigi	NOUN	n	kogorigi	2			
ca	X	ideo	ca	2			
_	VERB	n	tugeje	2			
icare	ADJ	_	icare	2			
iera	NOUN	n	iera	2			
pado	VERB	v	pado	2			
poru	NOUN	n	tuboru	2			
pao	X	ideo	pao	2			
iki	NOUN	n	iki	2			
apo	ADV	posp	tabo	2			
bioro	NOUN	n	bioro	2			
dukodire	ADV	adv	Dukodire	2	du-kodi-re		
oinodu	ADV	adv	oinodu	2			
jiboe	PRON	pron	jiboe	2			
makaguraga	ADV	adv	makaguragare	2			
macare	CCONJ	cconj	Macare	2			
rekodaji	ADP	posp	eregodaji	2			
_	ADJ	_	pugeje	2			
Burekoibo	PROPN	propn	Burekoibo	2			
Kuieje	PROPN	propn	Kuieje	2			
Bakidobo	PROPN	propn	Bakidobo	2			
batarodui	VERB	V	ewadarodui	2			
makaguraga	PRON	pron	makaguraga	2			
iato	ADV	adv	iato	2			
barae	NOUN	n	barae	2			
pu	PRON	_	pu	2			
batarodae	NOUN	n	eawadarodae	2			
jedo	VERB	v	edo	2			
carugo	NOUN	n	tujarugo	2	tu=carugo		tu=
dukejere	ADV	adv	Dukejere	2			
jekare	VERB	v	egaerere	2			
aregodu	NOUN	n	etaregodu	2	et=aregodu		e=
bore	X	x	Bore	2			
arugo	NOUN	n	tujarugo	2			
inoba	PRON	_	inoba	2			
uwu	PART	prcl	Uwu	2			
bokwa	PART	prcl	bokware	2			
barogwato	NOUN	n	barogwatore	2			
ecewu	PRON	pron	ecewu	2			
boro	INTJ	intj	boro	2			
rekoda	NOUN	n	rekoda	2			
rugodu	VERB	v	rugodure	2	rugodu-re		
to	X	x	to	2			
metuia	NOUN	n	Metage	2			
Dukejere	ADV	adv	Dukejere	2	du-keje-re		
ja	NOUN	n	ja	2			
kudo	VERB	v	kudo	2			
otoguru	NOUN	n	otoguru	2			
ku	VERB	v	kure	2			
kogedu	NOUN	n	tugogedu	2			tu=
biie	NOUN	n	pawiie	2	pa=biie		pa=
ca	PART	prcl	Ca	2			
bagedu	NOUN	n	iwagedure	2	i=bagedu-re		i=
kocare	INTJ	intj	kocare	2			
booio	INTJ	intj	Booio	2			
koia	SCONJ	sconj	koia	2			
io	INTJ	intj	io	2			
je	INTJ	intj	je	2			
jetadu	VERB	v	iedadure	2	i=jetadu-re		i=
duji	SCONJ	sconj	duji	2	du-ji		
Koe	PROPN	propn	Koe	2			
Makarewudo	PROPN	propn	Makarewudo	2	maka-re-wu-do		
oga	NOUN	n	ioga	2			
Agwa	PROPN	propn	Agwa	2			
jokodu	ADV	adv	jokodukare	2	jodoju-ka-re		
ji	ADV	adv	jire	2			
maka	NOUN	n	makarewu	2	maka-re-wu		
boeji	X	x	boeji	2			
dukodi	SCONJ	sconj	dukoduie	2	du-kodi		
tori	NOUN	noun	tori	2			
iere	NOUN	noun	iere	2			
ie	NOUN	noun	iere	2	ie-re		
ake	VERB	vc	etagedudo	2	ake-do		
negedu	NOUN	n	Negedurogu	2			
kago	NOUN	n	kago	2			
dukaie	ADV	adv	dukaie	2			
onaregedu	NOUN	noun	negedurogu	2	negedu-rogu		
boe	NOUN	noun	boe	2			
_	DET	DEM	nowu	2			
_	PART	_	ca	2			
meardu	VERB	v	imeardudo	2	i=meardu-do		i=
mearudae	NOUN	noun	imearudae	2			
o	NOUN	noun	ioga	2			
tu	NOUN	n	tuduiagu	2			
kiari	VERB	v	kiarire	2			
rakoja	NOUN	n	rakoja	2			
jorugo	NOUN	n	jorugo	2			
dupiji	X	x	dupijire	2	dupiji-re		
biaga	ADV	adv	Biaga	2			
tuje	ADV	adv	tuje	2			
Jesus	PROPN	propn	Jesus	2			
jipagi	ADP	posp	jipagi	2			
butu	PRON	_	Tawudure	2	ta=butu-re		ta=
comoroi	ADP	posp	comoroiwuge	2			
ceboje	ADP	posp	cebojewu	2			
reo	PART	prcl	reo	2			
meartoru	VERB	v	tameartorumodukare	2			
imi	PRON	pron	imie	2	imi-ie		
bi	NOUN	n	birewu	2	bi-re-wu		
jerigiga	NOUN	n	jerigiga	2			
Torowari	NOUN	n	tori	2			
joki	ADP	posp	joki	2			
care	ADV	adv	care	2			
rema	NOUN	n	remawu	2			
kaje	ADP	posp	kajere	2			
kakoje	VERB	v	rakojere	2			
Aroia	PROPN	propn	Aroia	2			
kuri	NOUN	propn	Kurirewu	2			
mori	NOUN	v	mori	2			
ceraedu	NOUN	n	ceraedure	2			
baadojeba	NOUN	n	Baadojebare	2			
arioa	PROPN	propn	Aroia	2			
Tadugio	PROPN	propn	Tadugio	2			
uu	INTJ	intj	Uu	2	uu		
rugadu	NOUN	n	tarugadu	2	rugadu		
kadawu	NOUN	_	Ukadawu	2	kada-wu		
remawu	X	_	remawure	2	rema-wu		
kuie	NOUN	n	ikuie	2	i=kuie		i=
magadu	VERB	v	Itamagadure	2	it=amagadu-re		
joki	NOUN	n	joki	2			